Year,Predicted_Value
2024,70499728.02180052
2025,160870759.24602842
2026,302762523.96297765
